Symbole;Code 3c;AA;Codons;Code IUB
A;Ala;Alanine;GCT,GCC,GCA,GCG;GCX
B;Asp,Asn;Aspartic,Asparagine;GAT,GAC,AAT,AAC;RAY
C;Cys;Cysteine;TGT,TGC;TGY
D;Asp;Aspartic;GAT,GAC;GAY
E;Glu;Glutamic;GAA,GAG;GAR
F;Phe;Phenylalanine;TTT,TTC;TTY
G;Gly;Glycine;GGT,GGC,GGA,GGG;GGX
H;His;Histidine;CAT,CAC;CAY
I;Ile;Isoleucine;ATT,ATC,ATA;ATH
K;Lys;Lysine;AAA,AAG;AAR
L;Leu;Leucine;TTG,TTA,CTT,CTC,CTA,CTG;TTR,CTX,YTR,YTX
M;Met;Methionine;ATG;ATG
N;Asn;Asparagine;AAT,AAC;AAY
P;Pro;Proline;CCT,CCC,CCA,CCG;CCX
Q;Gln;Glutamine;CAA,CAG;CAR
R;Arg;Arginine;CGT,CGC,CGA,CGG,AGA,AGG;CGX,AGR,MGR,MGX
S;Ser;Serine;TCT,TCC,TCA,TCG,AGT,AGC;TCX,AGY,WSX
T;Thr;Threonine;ACT,ACC,ACA,ACG;ACX
V;Val;Valine;GTT,GTC,GTA,GTG;GTX
W;Trp;Tryptophan;TGG;TGG
X;Xxx;Unknown;-;XXX
Y;Tyr;Tyrosine;TAT,TAC;TAY
Z;Glu,Gln;Glutamic,Glutamine;GAA,GAG,CAA,CAG;SAR
*;End;Stop;TAA,TAG,TGA;TAR,TRA,TRR